Workbook

Sheet Norte
A1: Aliviadero | B1: Punto de Vertido
A2: PREG-2459352.1 | B2: PREG-17584277.1
A3: PREG-18253658.1 | B3: PREG-2517513.1
A4: PREG-17331508.1 | B4: PREG-2523300.1
A5: PREG-2450037.1 | B5: PREG-2500572.1
A6: PREG-2459181.1 | B6: PREG-17584277.1

Sheet Centro
A1: Aliviadero | B1: Punto de Vertido
A2: PREG-7135188.2 | B2: PREG-7135188.2
A3: PREG-2482311.2 | B3: PREG-2523300.1
A4: PREG-2451801.2 | B4: PREG-2515254.1
A5: PREG-18252691.2 | B5: PREG-18252853.1

Sheet Sur
A1: Aliviadero | B1: Punto de Vertido
A2: PREG-2450460.2 | B2: PREG-2523300.1
A3: PREG-2528664.1 | B3: EBOMB-17462788.2.1 | C3: EBOMB-17462788.1
A4: EBOMB-2362098.2 | B4: EBOMB-17462788.2.1 | C4: EBOMB-17462788.1
A5: EBOMB-2362249.2 | B5: EBOMB-17462788.2.1 | C5: EBOMB-17462788.1

Sheet Grao
A1: Aliviadero | B1: Punto de Vertido
A2: PREG-2481492.1 | B2: VCTRL-18288239.1 | C2: ENTRON-20321974.1 | D2: ENTRON-20322042.1
A3: EBOMB-10948794.2 | B3: VCTRL-18289417.1 | C3: VCTRL-18289423.1

Sheet Aliviaderos 1
B1: EBOMB-10948794.2 | C1: EBOMB-2362098.2 | D1: EBOMB-2362249.2 | E1: PREG-17331508.2 | F1: PREG-18252691.2 | G1: PREG-18253658.1 | H1: PREG-2450037.2 | I1: PREG-2450460.2 | J1: PREG-2451801.2 | K1: PREG-2459181.2 | L1: PREG-2459352.2 | M1: PREG-2481492.1 | N1: PREG-2482311.2 | O1: PREG-2482383.2 | P1: PREG-2528664.2 | Q1: PREG-7135188.2
A2: 00 00:00:00 | B2: 0 | C2: 0 | D2: 0 | E2: 0 | F2: 0 | G2: 0 | H2: 0 | I2: 0 | J2: 0 | K2: 0 | L2: 0 | M2: 0 | N2: 0 | O2: 0 | P2: 0 | Q2: 0
A3: 00 00:02:30 | B3: 0 | C3: 0 | D3: 0 | E3: 0 | F3: 0 | G3: 0 | H3: 0 | I3: 0 | J3: 0 | K3: 0 | L3: 0 | M3: 0 | N3: 0 | O3: 0 | P3: 0 | Q3: 0
A4: 00 00:05:00 | B4: 0 | C4: 0 | D4: 0 | E4: 0 | F4: 0 | G4: 0 | H4: 0 | I4: 0 | J4: 0 | K4: 0 | L4: 0 | M4: 0 | N4: 0 | O4: 0 | P4: 0 | Q4: 0
A5: 00 00:07:30 | B5: 0 | C5: 0 | D5: 0 | E5: 0 | F5: 0 | G5: 0 | H5: 0 | I5: 0 | J5: 0 | K5: 0 | L5: 0 | M5: 0 | N5: 0 | O5: 0 | P5: 0 | Q5: 0
A6: 00 00:10:00 | B6: 0 | C6: 0 | D6: 0 | E6: 0 | F6: 0 | G6: 0 | H6: 0 | I6: 0 | J6: 0 | K6: 0 | L6: 0 | M6: 0 | N6: 0 | O6: 0 | P6: 0 | Q6: 0
A7: 00 00:12:30 | B7: 0 | C7: 0 | D7: 0 | E7: 0 | F7: 0 | G7: 0 | H7: 0 | I7: 0 | J7: 0 | K7: 0 | L7: 0 | M7: 0 | N7: 0 | O7: 0 | P7: 0 | Q7: 0
A8: 00 00:15:00 | B8: 0 | C8: 0 | D8: 0 | E8: 0 | F8: 0 | G8: 0 | H8: 0 | I8: 0 | J8: 0 | K8: 0 | L8: 0 | M8: 0 | N8: 0 | O8: 0 | P8: 0 | Q8: 0
A9: 00 00:17:30 | B9: 0 | C9: 0 | D9: 0 | E9: 0 | F9: 0 | G9: 0 | H9: 0 | I9: 0 | J9: 0 | K9: 0 | L9: 0 | M9: 0 | N9: 0 | O9: 0 | P9: 0 | Q9: 0
A10: 00 00:20:00 | B10: 0 | C10: 0 | D10: 0 | E10: 0 | F10: 0 | G10: 0 | H10: 0 | I10: 0 | J10: 0 | K10: 0 | L10: 0 | M10: 0 | N10: 0 | O10: 0 | P10: 0 | Q10: 0
A11: 00 00:22:30 | B11: 0 | C11: 0 | D11: 0 | E11: 0 | F11: 0 | G11: 0 | H11: 0 | I11: 0 | J11: 0 | K11: 0 | L11: 0 | M11: 0 | N11: 0 | O11: 0 | P11: 0 | Q11: 0
A12: 00 00:25:00 | B12: 0 | C12: 0 | D12: 0 | E12: 0 | F12: 0 | G12: 0 | H12: 0 | I12: 0 | J12: 0 | K12: 0 | L12: 0 | M12: 0 | N12: 0 | O12: 0 | P12: 0 | Q12: 0
A13: 00 00:27:30 | B13: 0 | C13: 0 | D13: 0 | E13: 0 | F13: 0 | G13: 0 | H13: 0 | I13: 0 | J13: 0 | K13: 0 | L13: 0 | M13: 0 | N13: 0 | O13: 0 | P13: 0 | Q13: 0
... A578: 01 00:00:00 | B578: 0 | C578: 87.94 | D578: 0 | E578: 0 | F578: 0 | G578: 0 | H578: 0 | I578: 0 | J578: 0 | K578: 0 | L578: 0 | M578: 0 | N578: 0 | O578: 0 | P578: 897.04 | Q578: 0

Sheet Aliviadero 2

Sheet Puntos de Vertido 1
B1: BOMB-17462788.1 | C1: BOMB-2362409.1 | D1: EBOMB-17462424.1 | E1: EBOMB-17462788.2.1 | F1: EBOMB-17462820.1 | G1: EBOMB-20208712.1 | H1: EBOMB-2362166.1 | I1: EBOMB-2362249.2 | J1: EBOMB-2362289.1 | K1: EBOMB-2362289.3 | L1: EBOMB-2362329.2 | M1: EBOMB-2362465.1 | N1: EBOMB-2362465.2 | O1: EBOMB-2362465.3 | P1: ENTRON-17785275.1 | Q1: ENTRON-19308006.1 | R1: ENTRON-20189540.1 | S1: ENTRON-20189748.1 | T1: ENTRON-20190395.1 | U1: ENTRON-20321974.1 | V1: ENTRON-20322042.1 | W1: ENTRON-2650089.1 | X1: ENTRONQUE A LA ACEQUIA.1 | Y1: PIR-18264239.1 | Z1: PIR-18264266.1 | AA1: PIR-18297991.1 | AB1: PIR-18298001.1 | AC1: PREG-10945500.1 | AD1: PREG-10946122.1 | AE1: PREG-11586020.1 | AF1: PREG-17507673.1 | AG1: PREG-17507930.1 | AH1: PREG-17508119.1 | AI1: PREG-17508165.1 | AJ1: PREG-17584277.1 | AK1: PREG-18252853.1 | AL1: PREG-18263830.1 | AM1: PREG-18460508.1 | AN1: PREG-18460887.1 | AO1: PREG-19003675.1 | AP1: PREG-19896798.1 | AQ1: PREG-19940945.1 | AR1: PREG-2451936.1 | AS1: PREG-2453538.1 | AT1: PREG-2453718.1 | AU1: PREG-2453754.1 | AV1: PREG-2453862.1 | AW1: PREG-2453997.1 | AX1: PREG-2482383.1 | AY1: PREG-2482383.2 | AZ1: PREG-2482680.1 | BA1: PREG-2485776.1 | BB1: PREG-2485785.1 | BC1: PREG-2485794.1 | BD1: PREG-2490114.1 | BE1: PREG-2498277.1 | BF1: PREG-2500572.1 | BG1: PREG-2501562.1 | BH1: PREG-2504505.1 | BI1: PREG-2505054.1 | BJ1: PREG-2505576.1 | BK1: PREG-2515254.1 | BL1: PREG-2515578.1 | BM1: PREG-2515587.1 | BN1: PREG-2517396.1 | BO1: PREG-2517405.1 | BP1: PREG-2517513.1 | BQ1: PREG-2522733.1 | BR1: PREG-2523300.1 | BS1: PREG-2524407.1 | BT1: PREG-2528953.1 | BU1: PREG-2529196.1 | BV1: PREG-7135188.2 | BW1: PREG-7135285.1 | BX1: PREG-8.1 | BY1: PVERT-18266136.1 | BZ1: PVERT-18290044.1 | CA1: PVERT-20066288.1 | CB1: PVERT-20066294.1 | CC1: PVERT-20066711.1 | CD1: VCTRL-18280945.1 | CE1: VCTRL-18280971.1 | CF1: VCTRL-18287034.1 | CG1: VCTRL-18287040.1 | CH1: VCTRL-18288239.1 | CI1: VCTRL-18289417.1 | CJ1: VCTRL-18289423.1
A2: 00 00:00:00 | B2: 0 | C2: 0 | D2: 0 | E2: 0 | F2: 0 | G2: 0.12 | H2: 0 | I2: 0 | J2: 0 | K2: 0 | L2: 0 | M2: 0 | N2: 0 | O2: 0 | P2: 0 | Q2: 0.29 | R2: 0 | S2: 0 | T2: 0 | U2: 0 | V2: 0 | W2: 0 | X2: 0.37 | Y2: 0 | Z2: 0 | AA2: 0 | AB2: 0 | AC2: 0 | AD2: 0 | AE2: 0 | AF2: 0 | AG2: 0 | AH2: 0 | AI2: 0 | AJ2: 0.09 | AK2: 0 | AL2: 0 | AM2: 0 | AN2: 0 | AO2: 0 | AP2: 0 | AQ2: 0 | AR2: 0 | AS2: 0 | AT2: 0 | AU2: 0.07 | AV2: 0 | AW2: 0 | AX2: 59.17 | AY2: 0 | AZ2: 0 | BA2: 150.55 | BB2: 42.62 | BC2: 102.41 | BD2: 0 | BE2: 0 | BF2: 0 | BG2: 0 | BH2: 0 | BI2: 0.27 | BJ2: 0 | BK2: 0 | BL2: 0.29 | BM2: 0.09 | BN2: 0 | BO2: 0 | BP2: 0 | BQ2: 0 | BR2: 0.32 | BS2: 0 | BT2: 0 | BU2: 0 | BV2: 0 | BW2: 0 | BX2: 0 | BY2: 0 | BZ2: 0 | CA2: 0 | CB2: 0 | CC2: 0 | CD2: 0 | CE2: 0 | CF2: 0 | CG2: 0 | CH2: 0 | CI2: 0 | CJ2: 0
A3: 00 00:02:30 | B3: 0 | C3: 0 | D3: 0 | E3: 0 | F3: 0 | G3: 0.12 | H3: 0 | I3: 0 | J3: 0 | K3: 0 | L3: 0 | M3: 0 | N3: 0 | O3: 0 | P3: 0 | Q3: 0.29 | R3: 0 | S3: 0 | T3: 0 | U3: 0 | V3: 0 | W3: 0 | X3: 0.37 | Y3: 0 | Z3: 0 | AA3: 0 | AB3: 0 | AC3: 0 | AD3: 0 | AE3: 0 | AF3: 0 | AG3: 0 | AH3: 0 | AI3: 0 | AJ3: 0.09 | AK3: 0 | AL3: 0 | AM3: 0 | AN3: 0 | AO3: 0 | AP3: 0 | AQ3: 0 | AR3: 0 | AS3: 0 | AT3: 0 | AU3: 0.07 | AV3: 0 | AW3: 0 | AX3: 59.17 | AY3: 0 | AZ3: 0 | BA3: 135.47 | BB3: 42.57 | BC3: 85.02 | BD3: 0 | BE3: 0 | BF3: 0 | BG3: 0 | BH3: 0 | BI3: 0.27 | BJ3: 0 | BK3: 0 | BL3: 0.29 | BM3: 0.09 | BN3: 0 | BO3: 0 | BP3: 0 | BQ3: 0 | BR3: 0.32 | BS3: 0 | BT3: 0 | BU3: 0 | BV3: 0 | BW3: 0 | BX3: 0 | BY3: 0 | BZ3: 0 | CA3: 0 | CB3: 0 | CC3: 0 | CD3: 0 | CE3: 0 | CF3: 0 | CG3: 0 | CH3: 0 | CI3: 0 | CJ3: 0
A4: 00 00:05:00 | B4: 0 | C4: 0 | D4: 0 | E4: 0 | F4: 0 | G4: 0.12 | H4: 0 | I4: 0 | J4: 0 | K4: 0 | L4: 0 | M4: 0 | N4: 0 | O4: 0 | P4: 0 | Q4: 0.29 | R4: 0 | S4: 0 | T4: 0 | U4: 0 | V4: 0 | W4: 0 | X4: 0.37 | Y4: 0 | Z4: 0 | AA4: 0 | AB4: 0 | AC4: 0 | AD4: 0 | AE4: 0 | AF4: 0 | AG4: 0 | AH4: 0 | AI4: 0 | AJ4: 0.09 | AK4: 0 | AL4: 0 | AM4: 0 | AN4: 0 | AO4: 0 | AP4: 0 | AQ4: 0 | AR4: 0 | AS4: 0 | AT4: 0 | AU4: 0.07 | AV4: 0 | AW4: 0 | AX4: 59.17 | AY4: 0 | AZ4: 0 | BA4: 78.25 | BB4: 36.41 | BC4: 27.51 | BD4: 0 | BE4: 0 | BF4: 0 | BG4: 0 | BH4: 0 | BI4: 0.27 | BJ4: 0 | BK4: 0 | BL4: 0.29 | BM4: 0.09 | BN4: 0 | BO4: 0 | BP4: 0 | BQ4: 0 | BR4: 0.32 | BS4: 0 | BT4: 0 | BU4: 0 | BV4: 0 | BW4: 0 | BX4: 0 | BY4: 0 | BZ4: 0 | CA4: 0 | CB4: 0 | CC4: 0 | CD4: 0 | CE4: 0 | CF4: 0 | CG4: 0 | CH4: 0 | CI4: 0 | CJ4: 0
A5: 00 00:07:30 | B5: 0 | C5: 0 | D5: 0 | E5: 0 | F5: 0 | G5: 0.12 | H5: 0 | I5: 0 | J5: 0 | K5: 0 | L5: 0 | M5: 0 | N5: 0 | O5: 0 | P5: 0 | Q5: 0.29 | R5: 0 | S5: 0 | T5: 0 | U5: 0 | V5: 0 | W5: 0 | X5: 0.37 | Y5: 0 | Z5: 0 | AA5: 0 | AB5: 0 | AC5: 0 | AD5: 0 | AE5: 0 | AF5: 0 | AG5: 0 | AH5: 0 | AI5: 0 | AJ5: 0.09 | AK5: 0 | AL5: 0 | AM5: 0 | AN5: 0 | AO5: 0 | AP5: 0 | AQ5: 0 | AR5: 0 | AS5: 0 | AT5: 0 | AU5: 0.07 | AV5: 0 | AW5: 0 | AX5: 59.17 | AY5: 0 | AZ5: 0 | BA5: 40.93 | BB5: 40.26 | BC5: 13.03 | BD5: 0 | BE5: 0 | BF5: 0 | BG5: 0 | BH5: 0 | BI5: 0.27 | BJ5: 0 | BK5: 0 | BL5: 0.29 | BM5: 0.09 | BN5: 0 | BO5: 0 | BP5: 0 | BQ5: 0 | BR5: 0.32 | BS5: 0 | BT5: 0 | BU5: 0 | BV5: 0 | BW5: 0 | BX5: 0 | BY5: 0 | BZ5: 0 | CA5: 0 | CB5: 0 | CC5: 0 | CD5: 0 | CE5: 0 | CF5: 0 | CG5: 0 | CH5: 0 | CI5: 0 | CJ5: 0
A6: 00 00:10:00 | B6: 0 | C6: 0 | D6: 0 | E6: 0 | F6: 0 | G6: 0.12 | H6: 0 | I6: 0 | J6: 0 | K6: 0 | L6: 0 | M6: 0 | N6: 0 | O6: 0 | P6: 0 | Q6: 0.29 | R6: 0 | S6: 0 | T6: 0 | U6: 0 | V6: 0 | W6: 0 | X6: 0.37 | Y6: 0 | Z6: 0 | AA6: 0 | AB6: 0 | AC6: 0 | AD6: 0 | AE6: 0 | AF6: 0 | AG6: 0 | AH6: 0 | AI6: 0 | AJ6: 0.09 | AK6: 0 | AL6: 0 | AM6: 0 | AN6: 0 | AO6: 0 | AP6: 0 | AQ6: 0 | AR6: 0 | AS6: 0 | AT6: 0 | AU6: 0.07 | AV6: 0 | AW6: 0 | AX6: 59.17 | AY6: 0 | AZ6: 0 | BA6: 36.2 | BB6: 42.68 | BC6: 18.68 | BD6: 0 | BE6: 0 | BF6: 0 | BG6: 0 | BH6: 0 | BI6: 0.27 | BJ6: 0 | BK6: 0 | BL6: 0.29 | BM6: 0.09 | BN6: 0 | BO6: 0 | BP6: 0 | BQ6: 0 | BR6: 0.32 | BS6: 0 | BT6: 0 | BU6: 0 | BV6: 0 | BW6: 0 | BX6: 0 | BY6: 0 | BZ6: 0 | CA6: 0 | CB6: 0 | CC6: 0 | CD6: 0 | CE6: 0 | CF6: 0 | CG6: 0 | CH6: 0 | CI6: 0 | CJ6: 0
A7: 00 00:12:30 | B7: 0 | C7: 0 | D7: 0 | E7: 0 | F7: 0 | G7: 0.12 | H7: 0 | I7: 0 | J7: 0 | K7: 0 | L7: 0 | M7: 0 | N7: 0 | O7: 0 | P7: 0 | Q7: 0.29 | R7: 0 | S7: 0 | T7: 0 | U7: 0 | V7: 0 | W7: 0 | X7: 0.37 | Y7: 0 | Z7: 0 | AA7: 0 | AB7: 0 | AC7: 0 | AD7: 0 | AE7: 0 | AF7: 0 | AG7: 0 | AH7: 0 | AI7: 0 | AJ7: 0.09 | AK7: 0 | AL7: 0 | AM7: 0 | AN7: 0 | AO7: 0 | AP7: 0 | AQ7: 0 | AR7: 0 | AS7: 0 | AT7: 0 | AU7: 0.07 | AV7: 0 | AW7: 0 | AX7: 59.17 | AY7: 0 | AZ7: 0 | BA7: 30.59 | BB7: 41.4 | BC7: 9.81 | BD7: 0 | BE7: 0 | BF7: 0 | BG7: 0 | BH7: 0 | BI7: 0.27 | BJ7: 0 | BK7: 0 | BL7: 0.29 | BM7: 0.09 | BN7: 0 | BO7: 0 | BP7: 0 | BQ7: 0 | BR7: 0.32 | BS7: 0 | BT7: 0 | BU7: 0 | BV7: 0 | BW7: 0 | BX7: 0 | BY7: 0 | BZ7: 0 | CA7: 0 | CB7: 0 | CC7: 0 | CD7: 0 | CE7: 0 | CF7: 0 | CG7: 0 | CH7: 0 | CI7: 0 | CJ7: 0
A8: 00 00:15:00 | B8: 0 | C8: 0 | D8: 0 | E8: 0 | F8: 0 | G8: 0.12 | H8: 0 | I8: 0 | J8: 0 | K8: 0 | L8: 0 | M8: 0 | N8: 0 | O8: 0 | P8: 0 | Q8: 0.29 | R8: 0 | S8: 0 | T8: 0 | U8: 0 | V8: 0 | W8: 0 | X8: 0.37 | Y8: 0 | Z8: 0 | AA8: 0 | AB8: 0 | AC8: 0 | AD8: 0 | AE8: 0 | AF8: 0 | AG8: 0 | AH8: 0 | AI8: 0 | AJ8: 0.09 | AK8: 0 | AL8: 0 | AM8: 0 | AN8: 0 | AO8: 0 | AP8: 0 | AQ8: 0 | AR8: 0 | AS8: 0 | AT8: 0 | AU8: 0.07 | AV8: 0 | AW8: 0 | AX8: 59.17 | AY8: 0 | AZ8: 0 | BA8: 25.36 | BB8: 40.68 | BC8: 7.39 | BD8: 0 | BE8: 0 | BF8: 0 | BG8: 0 | BH8: 0 | BI8: 0.27 | BJ8: 0 | BK8: 0 | BL8: 0.29 | BM8: 0.09 | BN8: 0 | BO8: 0 | BP8: 0 | BQ8: 0 | BR8: 0.32 | BS8: 0 | BT8: 0 | BU8: 0 | BV8: 0 | BW8: 0 | BX8: 0 | BY8: 0 | BZ8: 0 | CA8: 0 | CB8: 0 | CC8: 0 | CD8: 0 | CE8: 0 | CF8: 0 | CG8: 0 | CH8: 0 | CI8: 0 | CJ8: 0
A9: 00 00:17:30 | B9: 0 | C9: 0 | D9: 0 | E9: 0 | F9: 0 | G9: 0.12 | H9: 0 | I9: 0 | J9: 0 | K9: 0 | L9: 0 | M9: 0 | N9: 0 | O9: 0 | P9: 0 | Q9: 0.29 | R9: 0 | S9: 0 | T9: 0 | U9: 0 | V9: 0 | W9: 0 | X9: 0.37 | Y9: 0 | Z9: 0 | AA9: 0 | AB9: 0 | AC9: 0 | AD9: 0 | AE9: 0 | AF9: 0 | AG9: 0 | AH9: 0 | AI9: 0 | AJ9: 0.09 | AK9: 0 | AL9: 0 | AM9: 0 | AN9: 0 | AO9: 0 | AP9: 0 | AQ9: 0 | AR9: 0 | AS9: 0 | AT9: 0 | AU9: 0.07 | AV9: 0 | AW9: 0 | AX9: 59.17 | AY9: 0 | AZ9: 0 | BA9: 21.22 | BB9: 40.59 | BC9: 8.64 | BD9: 0 | BE9: 0 | BF9: 0 | BG9: 0 | BH9: 0 | BI9: 0.27 | BJ9: 0 | BK9: 0 | BL9: 0.29 | BM9: 0.09 | BN9: 0 | BO9: 0 | BP9: 0 | BQ9: 0 | BR9: 0.32 | BS9: 0 | BT9: 0 | BU9: 0 | BV9: 0 | BW9: 0 | BX9: 0 | BY9: 0 | BZ9: 0 | CA9: 0 | CB9: 0 | CC9: 0 | CD9: 0 | CE9: 0 | CF9: 0 | CG9: 0 | CH9: 0 | CI9: 0 | CJ9: 0
A10: 00 00:20:00 | B10: 0 | C10: 0 | D10: 0 | E10: 0 | F10: 0 | G10: 0.12 | H10: 0 | I10: 0 | J10: 0 | K10: 0 | L10: 0 | M10: 0 | N10: 0 | O10: 0 | P10: 0 | Q10: 0.29 | R10: 0 | S10: 0 | T10: 0 | U10: 0 | V10: 0 | W10: 0 | X10: 0.37 | Y10: 0 | Z10: 0 | AA10: 0 | AB10: 0 | AC10: 0 | AD10: 0 | AE10: 0 | AF10: 0 | AG10: 0 | AH10: 0 | AI10: 0 | AJ10: 0.09 | AK10: 0 | AL10: 0 | AM10: 0 | AN10: 0 | AO10: 0 | AP10: 0 | AQ10: 0 | AR10: 0 | AS10: 0 | AT10: 0 | AU10: 0.07 | AV10: 0 | AW10: 0 | AX10: 59.17 | AY10: 0 | AZ10: 0 | BA10: 87.62 | BB10: 40.03 | BC10: 5.04 | BD10: 0 | BE10: 0 | BF10: 0 | BG10: 0 | BH10: 0 | BI10: 0.27 | BJ10: 0 | BK10: 0 | BL10: 0.29 | BM10: 0.09 | BN10: 0 | BO10: 0 | BP10: 0 | BQ10: 0 | BR10: 0.32 | BS10: 0 | BT10: 0 | BU10: 0 | BV10: 0 | BW10: 0 | BX10: 0 | BY10: 0 | BZ10: 0 | CA10: 0 | CB10: 0 | CC10: 0 | CD10: 0 | CE10: 0 | CF10: 0 | CG10: 0 | CH10: 0 | CI10: 0 | CJ10: 0
A11: 00 00:22:30 | B11: 0 | C11: 0 | D11: 0 | E11: 0 | F11: 0 | G11: 0.12 | H11: 0 | I11: 0 | J11: 0 | K11: 0 | L11: 0 | M11: 0 | N11: 0 | O11: 0 | P11: 0 | Q11: 0.29 | R11: 0 | S11: 0 | T11: 0 | U11: 0 | V11: 0 | W11: 0 | X11: 0.37 | Y11: 0 | Z11: 0 | AA11: 0 | AB11: 0 | AC11: 0 | AD11: 0 | AE11: 0 | AF11: 0 | AG11: 0 | AH11: 0 | AI11: 0 | AJ11: 0.09 | AK11: 0 | AL11: 0 | AM11: 0 | AN11: 0 | AO11: 0 | AP11: 0 | AQ11: 0 | AR11: 0 | AS11: 0 | AT11: 0 | AU11: 0.07 | AV11: 0 | AW11: 0 | AX11: 59.17 | AY11: 0 | AZ11: 0 | BA11: 297.4 | BB11: 38.55 | BC11: 5 | BD11: 0 | BE11: 0 | BF11: 0 | BG11: 0 | BH11: 0 | BI11: 0.27 | BJ11: 0 | BK11: 0 | BL11: 0.29 | BM11: 0.09 | BN11: 0 | BO11: 0 | BP11: 0 | BQ11: 0 | BR11: 0.32 | BS11: 0 | BT11: 0 | BU11: 0 | BV11: 0 | BW11: 0 | BX11: 0 | BY11: 0 | BZ11: 0 | CA11: 0 | CB11: 0 | CC11: 0 | CD11: 0 | CE11: 0 | CF11: 0 | CG11: 0 | CH11: 0 | CI11: 0 | CJ11: 0
A12: 00 00:25:00 | B12: 0 | C12: 0 | D12: 0 | E12: 0 | F12: 0 | G12: 0.12 | H12: 0 | I12: 0 | J12: 0 | K12: 0 | L12: 0 | M12: 0 | N12: 0 | O12: 0 | P12: 0 | Q12: 0.29 | R12: 0 | S12: 0 | T12: 0 | U12: 0 | V12: 0 | W12: 0 | X12: 0.37 | Y12: 0 | Z12: 0 | AA12: 0 | AB12: 0 | AC12: 0 | AD12: 0 | AE12: 0 | AF12: 0 | AG12: 0 | AH12: 0 | AI12: 0 | AJ12: 0.09 | AK12: 0 | AL12: 0 | AM12: 0 | AN12: 0 | AO12: 0 | AP12: 0 | AQ12: 0 | AR12: 0 | AS12: 0 | AT12: 0 | AU12: 0.07 | AV12: 0 | AW12: 0 | AX12: 59.17 | AY12: 0 | AZ12: 0 | BA12: 329.81 | BB12: 37.17 | BC12: 4.76 | BD12: 0 | BE12: 0 | BF12: 0 | BG12: 0 | BH12: 0 | BI12: 0.27 | BJ12: 0 | BK12: 0 | BL12: 0.29 | BM12: 0.09 | BN12: 0 | BO12: 0 | BP12: 0 | BQ12: 0 | BR12: 0.32 | BS12: 0 | BT12: 0 | BU12: 0 | BV12: 0 | BW12: 0 | BX12: 0 | BY12: 0 | BZ12: 0 | CA12: 0 | CB12: 0 | CC12: 0 | CD12: 0 | CE12: 0 | CF12: 0 | CG12: 0 | CH12: 0 | CI12: 0 | CJ12: 0
A13: 00 00:27:30 | B13: 0 | C13: 0 | D13: 0 | E13: 0 | F13: 0 | G13: 0.12 | H13: 0 | I13: 0 | J13: 0 | K13: 0 | L13: 0 | M13: 0 | N13: 0 | O13: 0 | P13: 0 | Q13: 0.29 | R13: 0 | S13: 0 | T13: 0 | U13: 0 | V13: 0 | W13: 0 | X13: 0.37 | Y13: 0 | Z13: 0 | AA13: 0 | AB13: 0 | AC13: 0 | AD13: 0 | AE13: 0 | AF13: 0 | AG13: 0 | AH13: 0 | AI13: 0 | AJ13: 0.09 | AK13: 0 | AL13: 0 | AM13: 0 | AN13: 0 | AO13: 0 | AP13: 0 | AQ13: 0 | AR13: 0 | AS13: 0 | AT13: 0 | AU13: 0.07 | AV13: 0 | AW13: 0 | AX13: 59.17 | AY13: 0 | AZ13: 0 | BA13: 330.13 | BB13: 36.25 | BC13: 3.37 | BD13: 0 | BE13: 0 | BF13: 0 | BG13: 0 | BH13: 0 | BI13: 0.27 | BJ13: 0 | BK13: 0 | BL13: 0.29 | BM13: 0.09 | BN13: 0 | BO13: 0 | BP13: 0 | BQ13: 0 | BR13: 0.32 | BS13: 0 | BT13: 0 | BU13: 0 | BV13: 0 | BW13: 0 | BX13: 0 | BY13: 0 | BZ13: 0 | CA13: 0 | CB13: 0 | CC13: 0 | CD13: 0 | CE13: 0 | CF13: 0 | CG13: 0 | CH13: 0 | CI13: 0 | CJ13: 0
... A578: 01 00:00:00 | B578: 0 | C578: 0 | D578: 0 | E578: 0 | F578: 0 | G578: 6.25 | H578: 6.46 | I578: 0 | J578: 0 | K578: 0 | L578: 0 | M578: 0 | N578: 0 | O578: 0 | P578: 111.82 | Q578: 112.98 | R578: 12.36 | S578: 0 | T578: 0 | U578: 0 | V578: 0 | W578: 23.97 | X578: 88.69 | Y578: 0.52 | Z578: 1.92 | AA578: 0 | AB578: 0 | AC578: 0 | AD578: 0 | AE578: 38 | AF578: 3.86 | AG578: 3.83 | AH578: 5.08 | AI578: 28.6 | AJ578: 242.43 | AK578: 3.45 | AL578: 2.62 | AM578: 45.3 | AN578: 8.05 | AO578: 0 | AP578: 0 | AQ578: 10.93 | AR578: 0.54 | AS578: 31.93 | AT578: 26.25 | AU578: 123.85 | AV578: 51.03 | AW578: 3.22 | AX578: 1303.69 | AY578: 0 | AZ578: 2 | BA578: 350.67 | BB578: 79.87 | BC578: 404.63 | BD578: 26.47 | BE578: 221.07 | BF578: 14.33 | BG578: 0 | BH578: 16.33 | BI578: 39.87 | BJ578: 0.9 | BK578: 7.21 | BL578: 29.51 | BM578: 19.96 | BN578: 0 | BO578: 0 | BP578: 13.99 | BQ578: 0 | BR578: 243.8 | BS578: 33.21 | BT578: 6.12 | BU578: 24.09 | BV578: 0 | BW578: 18.16 | BX578: 82.52 | BY578: 0 | BZ578: 0 | CA578: 0 | CB578: 0 | CC578: 0 | CD578: 0 | CE578: 0 | CF578: 0 | CG578: 0 | CH578: 0 | CI578: 0 | CJ578: 0

Sheet Resultados
A1: Norte | B1: Activa | C1: Volumen (Aliviadero) | D1: Volumen(Punto de Vertido) | E1: Total
A2: =Norte!A2 -> PREG-2459352.1 | B2: Si | E2: =D2-C2 -> 0
A3: =Norte!A3 -> PREG-18253658.1 | B3: No | E3: =D3-C3 -> 0
A4: =Norte!A4 -> PREG-17331508.1 | B4: Si | E4: =D4-C4 -> 0
A5: =Norte!A5 -> PREG-2450037.1 | B5: No | E5: =D5-C5 -> 0
A6: =Norte!A6 -> PREG-2459181.1 | E6: =D6-C6 -> 0
A8: Centro | E8: =D8-C8 -> 0
A9: =Centro!A2 -> PREG-7135188.2 | E9: =D9-C9 -> 0
A10: =Centro!A3 -> PREG-2482311.2 | E10: =D10-C10 -> 0
A11: =Centro!A4 -> PREG-2451801.2 | E11: =D11-C11 -> 0
A12: =Centro!A5 -> PREG-18252691.2 | E12: =D12-C12 -> 0
A14: Sur | E14: =D14-C14 -> 0
A15: =Sur!A2 -> PREG-2450460.2 | E15: =D15-C15 -> 0
A16: =Sur!A3 -> PREG-2528664.1 | E16: =D16-C16 -> 0
A17: =Sur!A4 -> EBOMB-2362098.2 | E17: =D17-C17 -> 0
A18: =Sur!A5 -> EBOMB-2362249.2 | E18: =D18-C18 -> 0
A20: Grao | E20: =D20-C20 -> 0
A21: =Grao!A2 -> PREG-2481492.1 | E21: =D21-C21 -> 0
A22: =Grao!A3 -> EBOMB-10948794.2 | E22: =D22-C22 -> 0
